SQ 503|2015-10-12|2
SQ 517|2015-10-14|1
MI 487|2015-10-08|1
MI 487|2015-10-08|2
SQ 517|2015-10-07|1
SQ 517|2015-10-07|1
MI 487|2015-10-22|1
MI 473|2015-10-15|1
MI 471|2015-10-03|1
MI 473|2015-10-24|1
MI 473|2015-10-07|1
SQ 503|2015-10-12|3
MI 473|2015-10-01|2
MI 471|2015-10-11|1
SQ 503|2015-10-10|1
MI 487|2015-10-18|1
SQ 503|2015-10-01|10
MI 473|2015-10-10|10
SQ 503|2015-10-10|6
MI 473|2015-10-11|1
SQ 503|2015-10-24|1
SQ 503|2015-10-14|1
MI 423|2015-10-24|1
MI 473|2015-10-13|1
MI 423|2015-10-24|1
SQ 517|2015-10-09|1
SQ 503|2015-10-09|1
